StartDate,EndDate,Status,IPAddress,Progress,Duration (in seconds),Finished,RecordedDate,ResponseId,RecipientLastName,RecipientFirstName,RecipientEmail,ExternalReference,LocationLatitude,LocationLongitude,DistributionChannel,UserLanguage,Q1,Q2,Q3,Q4,Q5,Q6,Q7,Q8,Q9_1,Q9_2,Q9_3
Start Date,End Date,Response Type,IP Address,Progress,Duration (in seconds),Finished,Recorded Date,Response ID,Recipient Last Name,Recipient First Name,Recipient Email,External Data Reference,Location Latitude,Location Longitude,Distribution Channel,User Language,What are you majoring in?,Have you ever used a chatbot like ChatGPT?,Could you recall an experience you've had with this chatbot?,Have you ever used a chatbot to assist in homework?,"How risky do you think it is for students to use these chatbots? More explicitly, do you feel as though it's easier to get caught cheating while using ChatGPT, or is it easier to get caught cheating using a previous resource like Chegg?",What makes you think that this is the case?,"How rewarding do you think it is for students to use these chatbots while cheating? More explicitly, do you feel as though you're more likely to receive a good grade from copying a ChatGPT response or will you receive a better grade copying an answer from a resource like Chegg?",What makes you think that this is the case?,"How do you feel about the emergence of ChatGPT and other chatbot AI technologies? - ---- Concerned ----  (0 least, 100 most)","How do you feel about the emergence of ChatGPT and other chatbot AI technologies? - ------ Excited ------ (0 least, 100 most)","How do you feel about the emergence of ChatGPT and other chatbot AI technologies? - ---- Unaffected ---- (0 least, 100 most)"
"{""ImportId"":""startDate"",""timeZone"":""America/Denver""}","{""ImportId"":""endDate"",""timeZone"":""America/Denver""}","{""ImportId"":""status""}","{""ImportId"":""ipAddress""}","{""ImportId"":""progress""}","{""ImportId"":""duration""}","{""ImportId"":""finished""}","{""ImportId"":""recordedDate"",""timeZone"":""America/Denver""}","{""ImportId"":""_recordId""}","{""ImportId"":""recipientLastName""}","{""ImportId"":""recipientFirstName""}","{""ImportId"":""recipientEmail""}","{""ImportId"":""externalDataReference""}","{""ImportId"":""locationLatitude""}","{""ImportId"":""locationLongitude""}","{""ImportId"":""distributionChannel""}","{""ImportId"":""userLanguage""}","{""ImportId"":""QID16_TEXT""}","{""ImportId"":""QID1""}","{""ImportId"":""QID4_TEXT""}","{""ImportId"":""QID3""}","{""ImportId"":""QID7""}","{""ImportId"":""QID9_TEXT""}","{""ImportId"":""QID10""}","{""ImportId"":""QID11_TEXT""}","{""ImportId"":""QID12_1""}","{""ImportId"":""QID12_2""}","{""ImportId"":""QID12_3""}"
2023-04-03 09:38:55,2023-04-03 09:40:48,IP Address,128.197.29.233,100,112,True,2023-04-03 09:40:49,R_SJndqV0v169qan7,,,,,42.3464,-71.0975,anonymous,EN,,Yes,I was just looking up random questions about Psychology in order to study,Yes: to help me learn a subject,You're more likely to be caught using a previous resource,"Nothing in particular - just a feeling that Chegg feels less professional I guess. ","Depends on the subject, but ChatGPT is more often correct",I tested it out of curiosity - Chat GPT is awful at formulating things for humanities,61,7,57
2023-04-03 10:25:10,2023-04-03 10:29:25,IP Address,128.197.29.228,100,254,True,2023-04-03 10:29:26,R_xGe2cBQpahzHgLD,,,,,42.3464,-71.0975,anonymous,EN,,No,My friends have used it to write papers for classes.,No: I've never used a chatbot for homework,Unsure but ChatGPT seems safer for cheaters,I've heard that colleges that have tried to track who uses ChatGPT have been extremely inaccurate,Completely unsure on how these compare,,,,
2023-04-03 11:07:23,2023-04-03 11:13:00,IP Address,128.197.29.240,100,336,True,2023-04-03 11:13:01,R_3HLKpOS5AaDlh78,,,,,42.3464,-71.0975,anonymous,EN,,Yes,I used it to help debug a code script I made that wasn’t working properly,Yes: to help me learn a subject,Unsure but Chegg and others seem safer for cheaters,,"Depends on the subject, but Chegg is more often correct",,5,30,70
2023-04-03 15:15:22,2023-04-03 15:20:29,IP Address,174.169.54.164,100,306,True,2023-04-03 15:20:29,R_UngvNVn0pMsb4w9,,,,,42.3474,-71.1582,anonymous,EN,,Yes,"Asking it to summarize some papers for homework assignments. ",Yes: to help me learn a subject,You're more likely to be caught using a previous resource,"I think this may be the case simply due to how new ChatGPT is and I suspect the AI detection systems currently at play are fairly new. I also think that scanning the internet for plagiarism over an AI “generating” an answer is simply easier to detect. ","Depends on the subject, but ChatGPT is more often correct","For most answers, my experience with chatGPT suffices. But if a question is class specific, resources contains uploaded material from previous students would do the job better. This is because they know exactly what the teachers are looking for specific to the class. Chat GPT also can’t give you an exact answer for everything. In those cases, it may provide general solutions but a resource where someone has done something specific for a certain class will do better. ",40,80,59
2023-04-06 22:38:48,2023-04-08 11:14:57,IP Address,73.38.247.62,100,131769,True,2023-04-08 11:14:58,R_1oCstYisfR0mh9r,,,,,42.3474,-71.1582,anonymous,EN,,Yes,"Yes, my roommates and I were watching this show 'Haunting of the Hill House.' Once we finished the show we wanted to watch something with a similar vibe and to find a similar show we decided to ask ChatGPT.",Yes: to help me learn a subject,You're more likely to be caught using a previous resource,The versatility of ChatGPT makes this possible. The fact that you can get a different response each time you input something makes it tough to catch cheating.,"Depends on the subject, but ChatGPT is more often correct","ChatGPT sounds like it would be better in general because of it's versatility, but certain subjects and H.W's that are more personal to the class itself, chegg might be a better resource.",93,45,
2023-04-08 13:40:10,2023-04-08 13:42:48,IP Address,128.197.29.240,100,158,True,2023-04-08 13:42:48,R_Re5OjyQqVEqrl8R,,,,,42.3464,-71.0975,anonymous,EN,,Yes,I have honestly only used ChatGPT to help summarize articles or books to help get an idea of how certain things compare to one another.,Yes: to help me learn a subject,You're more likely to be caught using a previous resource,"Previous resources like Chegg are monitored by academic institutions more so than ChatGPT. ",Completely unsure on how these compare,,,,
2023-04-08 13:37:02,2023-04-08 15:13:44,IP Address,107.115.17.58,100,5802,True,2023-04-08 15:13:45,R_1rwQSK0nKVwus01,,,,,42.3562,-71.0631,anonymous,EN,,Yes,I used it as a a paraphrasing tool,Yes: to help me learn a subject,You're more likely to be caught using a previous resource,There are only a limited number of prompts and generated content for a certain number of computers,"Depends on the subject, but ChatGPT is more often correct",Because people have uploaded answers to the exact same questions while chat gpt is more generic,65,80,20
2023-04-09 10:34:59,2023-04-09 10:40:28,IP Address,73.38.247.62,100,328,True,2023-04-09 10:40:28,R_2R83yuNYhY99Gr6,,,,,42.3474,-71.1582,anonymous,EN,,No,N/a,No: I've never used a chatbot for homework,You're more likely to be caught using a previous resource,Chatbots generate something entirely new. This makes it harder for plagarism detectors to detect cheating since it wouldn't be in a database of already published resources.,Completely unsure on how these compare,,,,
2023-04-09 11:59:02,2023-04-09 12:38:57,IP Address,73.38.247.62,100,2394,True,2023-04-09 12:38:59,R_2fpumjAeq6k3C2P,,,,,42.3474,-71.1582,anonymous,EN,,Yes,yes.,Yes: to help me learn a subject,You're more likely to be caught using a previous resource,"Chegg has limited answers, while the chat bots can produce multiple different solutions.","Depends on the subject, but Chegg is more often correct",Chegg is engineered with the concept of providing specific homework problems from textbooks. So it will be more specific and organized based on certain classes and the resources associated with the class.,67,75,20
2023-04-02 16:27:36,2023-04-09 12:39:59,IP Address,128.197.29.238,100,591142,True,2023-04-09 12:39:59,R_214EfR76gktqeVc,,,,,42.3464,-71.0975,anonymous,EN,,Yes,"I was coding in bash and trying to find a way to query using a cURL request. My code wasn't working, but I submitted a question to ChatGPT which immediately gave me the code I needed to run the script. ",Yes: to help me learn a subject,You're more likely to be caught using a previous resource,"ChatGPT is more accurate and doesn't give a single answer. With previous resources, only one answer exists which both students and teachers can see. With ChatGPT each answer is new and so answers to problems will appear unique.","ChatGPT is better, answers are more accurate",ChatGPT gives very accurate responses to complex problems.,81,11,0
2023-04-09 13:03:12,2023-04-09 13:09:07,IP Address,128.197.29.232,100,354,True,2023-04-09 13:09:16,R_2y44DjB7n2WMCC9,,,,,42.3464,-71.0975,anonymous,EN,,Yes,"Used it for explanations on homework problems ",Yes: to help me learn a subject,Unsure but ChatGPT seems safer for cheaters,,"Depends on the subject, but Chegg is more often correct",,41,80,
2023-04-03 09:57:04,2023-04-03 09:57:12,IP Address,128.197.29.244,22,8,False,2023-04-10 09:57:14,R_3EaQv0Ge1HgxGJb,,,,,,,anonymous,EN,,Yes,,,,,,,,,
2023-04-03 10:19:04,2023-04-03 10:19:21,IP Address,128.197.29.238,22,17,False,2023-04-10 10:19:24,R_3CIbdAX4tpN4yUV,,,,,,,anonymous,EN,,Yes,,,,,,,,,
2023-04-03 18:59:12,2023-04-03 18:59:25,IP Address,98.217.225.123,22,12,False,2023-04-10 18:59:27,R_1mDjqR6VJ3RW7FZ,,,,,,,anonymous,EN,,Yes,,,,,,,,,
2023-04-10 18:59:54,2023-04-10 19:01:46,IP Address,130.44.114.214,100,112,True,2023-04-10 19:01:47,R_AidsCqZntSTBWCt,,,,,42.3474,-71.1582,anonymous,EN,,Yes,It wrote a funeral program template for my HUB class,Yes: to help me learn a subject,You're more likely to be caught using a previous resource,A lot more measures to make sure that we don’t use chegg n all and chatgpt is new.,"Chegg or another resource is better, answers are more accurate",Chat gpt has ease of use.,0,97,0
2023-04-10 19:09:30,2023-04-10 19:11:43,IP Address,128.197.29.237,100,132,True,2023-04-10 19:11:44,R_3ptBwdr64Qqex9E,,,,,42.3464,-71.0975,anonymous,EN,,No,Never used,No: I've never used a chatbot for homework,Unsure but ChatGPT seems safer for cheaters,Chegg and other sources are so old that they’ve had time to come up with cheating detection mechanisms but chatgpt is just much newer,Completely unsure on how these compare,,,,
2023-04-10 19:24:48,2023-04-10 19:27:59,IP Address,104.28.39.31,100,191,True,2023-04-10 19:28:00,R_3dVSTJuxPJhN1TJ,,,,,42.3562,-71.0631,anonymous,EN,,Yes,"I used it for my machine learning project and homework ",Yes: to help me learn a subject,You're more likely to be caught using a previous resource,Chat gpt is generative meaning you’ll get a different answer every time,"ChatGPT is better, answers are more accurate",,100,100,
2023-04-10 21:45:25,2023-04-10 21:46:32,IP Address,128.197.29.247,100,66,True,2023-04-10 21:46:32,R_2Vgya2R96cXOqph,,,,,42.3464,-71.0975,anonymous,EN,,Yes,Homework,Yes: to help me learn a subject,You're more likely to be caught using a previous resource,"Previous cases were directly on the internet;whereas, professors need to infer that you used chatgpt ",Completely unsure on how these compare,,,,
